koios_hgvsg,CHROM,POS,REF,REF_L,ALT,ALT_L,TYPE,hgvsg,Input_ID,URL,concept_id,concept_name,vrs_id,vrs_seq_id
NC_000001.11:g.11124517A>G,1,11124517,A,1,G,1,SNP,NC_000001.11:g.11124517A>G,1,http://reg.test.genome.network/allele?hgvs=NC_000001.11:g.11124517A>G,35979005,MTOR on GRCh38 chr1: Substitution in position 11124517 of A replaced by G measurement,ga4gh:VA.oMnv5RdLTTdnHLWNm8pW6nobN7Knu4FL,ga4gh:SQ.Ya6Rs7DHhDeg7YaOSg1EoNi3U_nQ9SvO
NC_000001.11:g.11128021C>A,1,11128021,C,1,A,1,SNP,NC_000001.11:g.11128021C>A,2,http://reg.test.genome.network/allele?hgvs=NC_000001.11:g.11128021C>A,19502706,MTOR on GRCh38 chr1: Substitution in position 11128021 of C replaced by A measurement,ga4gh:VA.iEoLQcsfz5-81kggGT9trrcqObIvwVbX,ga4gh:SQ.Ya6Rs7DHhDeg7YaOSg1EoNi3U_nQ9SvO
NC_000001.11:g.11128021C>G,1,11128021,C,1,G,1,SNP,NC_000001.11:g.11128021C>G,3,http://reg.test.genome.network/allele?hgvs=NC_000001.11:g.11128021C>G,19504774,MTOR on GRCh38 chr1: Substitution in position 11128021 of C replaced by G measurement,ga4gh:VA.2-zZ_MWcFPwyJ86i-i9JpvEDTjTOn2_D,ga4gh:SQ.Ya6Rs7DHhDeg7YaOSg1EoNi3U_nQ9SvO
NC_000001.11:g.11128021C>T,1,11128021,C,1,T,1,SNP,NC_000001.11:g.11128021C>T,4,http://reg.test.genome.network/allele?hgvs=NC_000001.11:g.11128021C>T,19615481,MTOR on GRCh38 chr1: Substitution in position 11128021 of C replaced by T measurement,ga4gh:VA.DY6goof2niM4ousNK8eRClphcNd9MKKX,ga4gh:SQ.Ya6Rs7DHhDeg7YaOSg1EoNi3U_nQ9SvO
NC_000001.11:g.114716126C>A,1,114716126,CC,2,AC,2,DELINS,NC_000001.11:g.114716126_114716127delinsAC,7,http://reg.test.genome.network/allele?hgvs=NC_000001.11:g.114716126_114716127delinsAC,35979060,NRAS on GRCh38 chr1: Substitution in position 114716126 of C replaced by A measurement,ga4gh:VA.aQFOZO6ZReC7UReJZYPYJK9hifPZpdrE,ga4gh:SQ.Ya6Rs7DHhDeg7YaOSg1EoNi3U_nQ9SvO
NC_000001.11:g.114716126C>G,1,114716126,CC,2,GC,2,DELINS,NC_000001.11:g.114716126_114716127delinsGC,8,http://reg.test.genome.network/allele?hgvs=NC_000001.11:g.114716126_114716127delinsGC,35979061,NRAS on GRCh38 chr1: Substitution in position 114716126 of C replaced by G measurement,ga4gh:VA.9YRwcf0zoiPDb0VaH69aHMUBDsP9aASz,ga4gh:SQ.Ya6Rs7DHhDeg7YaOSg1EoNi3U_nQ9SvO
NC_000001.11:g.114716126C>T,1,114716126,CC,2,TC,2,DELINS,NC_000001.11:g.114716126_114716127delinsTC,9,http://reg.test.genome.network/allele?hgvs=NC_000001.11:g.114716126_114716127delinsTC,35979062,NRAS on GRCh38 chr1: Substitution in position 114716126 of C replaced by T measurement,ga4gh:VA.mei-Y0qMtRaQnXkyMRMtQnnsqrlzrURE,ga4gh:SQ.Ya6Rs7DHhDeg7YaOSg1EoNi3U_nQ9SvO
NC_000001.11:g.114716126_114716127delinsGG,1,114716126,CC,2,GG,2,DELINS,NC_000001.11:g.114716126_114716127delinsGG,10,http://reg.test.genome.network/allele?hgvs=NC_000001.11:g.114716126_114716127delinsGG,19499357,NRAS on GRCh38 chr1: Deletion in position 114716126 to 114716127 and Insertion of GG measurement,ga4gh:VA.w_82wP2wf9qlT0hgaa4s3BWz7NVoSx_h,ga4gh:SQ.Ya6Rs7DHhDeg7YaOSg1EoNi3U_nQ9SvO
NC_000001.11:g.114716126_114716127delinsTA,1,114716126,CC,2,TA,2,DELINS,NC_000001.11:g.114716126_114716127delinsTA,11,http://reg.test.genome.network/allele?hgvs=NC_000001.11:g.114716126_114716127delinsTA,19506299,NRAS on GRCh38 chr1: Deletion in position 114716126 to 114716127 and Insertion of TA measurement,ga4gh:VA.Mu971Gev3VbMvDoSb_u-kkQAvcwM3mmE,ga4gh:SQ.Ya6Rs7DHhDeg7YaOSg1EoNi3U_nQ9SvO
NC_000001.11:g.114716126_114716127delinsTT,1,114716126,CC,2,TT,2,DELINS,NC_000001.11:g.114716126_114716127delinsTT,12,http://reg.test.genome.network/allele?hgvs=NC_000001.11:g.114716126_114716127delinsTT,19549785,NRAS on GRCh38 chr1: Deletion in position 114716126 to 114716127 and Insertion of TT measurement,ga4gh:VA.KYnkR-hKQTZjuLQleWfehtfG1u6u8a3R,ga4gh:SQ.Ya6Rs7DHhDeg7YaOSg1EoNi3U_nQ9SvO
NC_000001.11:g.114716127C>A,1,114716127,C,1,A,1,SNP,NC_000001.11:g.114716127C>A,13,http://reg.test.genome.network/allele?hgvs=NC_000001.11:g.114716127C>A,35979063,NRAS on GRCh38 chr1: Substitution in position 114716127 of C replaced by A measurement,ga4gh:VA.DR4kQTgj7Ft6Wcqg31RAO3Rt81QdL-Dx,ga4gh:SQ.Ya6Rs7DHhDeg7YaOSg1EoNi3U_nQ9SvO
NC_000001.11:g.114716127C>G,1,114716127,C,1,G,1,SNP,NC_000001.11:g.114716127C>G,14,http://reg.test.genome.network/allele?hgvs=NC_000001.11:g.114716127C>G,35979064,NRAS on GRCh38 chr1: Substitution in position 114716127 of C replaced by G measurement,ga4gh:VA.lEB9ranE_c73kVpQ_x7iYN8bvbRuguEU,ga4gh:SQ.Ya6Rs7DHhDeg7YaOSg1EoNi3U_nQ9SvO
NC_000001.11:g.114716127C>T,1,114716127,C,1,T,1,SNP,NC_000001.11:g.114716127C>T,15,http://reg.test.genome.network/allele?hgvs=NC_000001.11:g.114716127C>T,35979065,NRAS on GRCh38 chr1: Substitution in position 114716127 of C replaced by T measurement,ga4gh:VA.1q9nqxeEs4zb1KgKVRRUiTXEblYZnyeH,ga4gh:SQ.Ya6Rs7DHhDeg7YaOSg1EoNi3U_nQ9SvO
NC_000002.12:g.29193706T>C,2,29193706,T,1,C,1,SNP,NC_000002.12:g.29193706T>C,57,http://reg.test.genome.network/allele?hgvs=NC_000002.12:g.29193706T>C,35979693,ALK on GRCh38 chr2: Substitution in position 29193706 of T replaced by C measurement,ga4gh:VA.zy6RJNxOdCbSE2fohEmGRrP2cBjyp9JH,ga4gh:SQ.pnAqCRBrTsUoBghSD1yp_jXWSmlbdh4g
NC_000002.12:g.29220831A>C,2,29220831,A,1,C,1,SNP,NC_000002.12:g.29220831A>C,58,http://reg.test.genome.network/allele?hgvs=NC_000002.12:g.29220831A>C,35979712,ALK on GRCh38 chr2: Substitution in position 29220831 of A replaced by C measurement,ga4gh:VA.qjZqABYSKo0pxK83E8bfQJDVZfq_-4Ly,ga4gh:SQ.pnAqCRBrTsUoBghSD1yp_jXWSmlbdh4g
NC_000002.12:g.29220831A>G,2,29220831,A,1,G,1,SNP,NC_000002.12:g.29220831A>G,59,http://reg.test.genome.network/allele?hgvs=NC_000002.12:g.29220831A>G,35979713,ALK on GRCh38 chr2: Substitution in position 29220831 of A replaced by G measurement,ga4gh:VA.KPNJgd_GScotP_PwJvon8EFVesGPCIPW,ga4gh:SQ.pnAqCRBrTsUoBghSD1yp_jXWSmlbdh4g
NC_000002.12:g.29220831A>T,2,29220831,A,1,T,1,SNP,NC_000002.12:g.29220831A>T,60,http://reg.test.genome.network/allele?hgvs=NC_000002.12:g.29220831A>T,35979714,ALK on GRCh38 chr2: Substitution in position 29220831 of A replaced by T measurement,ga4gh:VA.VNm1dzDIsRD2pJ9kugPL52_712y897C4,ga4gh:SQ.pnAqCRBrTsUoBghSD1yp_jXWSmlbdh4g
NC_000002.12:g.29222404A>C,2,29222404,A,1,C,1,SNP,NC_000002.12:g.29222404A>C,61,http://reg.test.genome.network/allele?hgvs=NC_000002.12:g.29222404A>C,35979720,ALK on GRCh38 chr2: Substitution in position 29222404 of A replaced by C measurement,ga4gh:VA.h3O2WhLldoz8IgJXsQ0go0sRjshcsyS4,ga4gh:SQ.pnAqCRBrTsUoBghSD1yp_jXWSmlbdh4g
NC_000002.12:g.29222404A>G,2,29222404,A,1,G,1,SNP,NC_000002.12:g.29222404A>G,62,http://reg.test.genome.network/allele?hgvs=NC_000002.12:g.29222404A>G,35979758,ALK on GRCh38 chr2: Substitution in position 29222404 of A replaced by G measurement,ga4gh:VA.RGcX8eqZPG2TBSWenrYayMeaBWZDHtPC,ga4gh:SQ.pnAqCRBrTsUoBghSD1yp_jXWSmlbdh4g
NC_000003.12:g.12604200G>A,3,12604200,G,1,A,1,SNP,NC_000003.12:g.12604200G>A,63,http://reg.test.genome.network/allele?hgvs=NC_000003.12:g.12604200G>A,19569420,RAF1 on GRCh38 chr3: Substitution in position 12604200 of G replaced by A measurement,ga4gh:VA.gQreyWCeq6TIyxRHnjXwVguUqb4bIbiW,ga4gh:SQ.Zu7h9AggXxhTaGVsy7h_EZSChSZGcmgX
NC_000003.12:g.12604200G>C,3,12604200,G,1,C,1,SNP,NC_000003.12:g.12604200G>C,64,http://reg.test.genome.network/allele?hgvs=NC_000003.12:g.12604200G>C,19571837,RAF1 on GRCh38 chr3: Substitution in position 12604200 of G replaced by C measurement,ga4gh:VA.o-ZYX_o4n8fK22vvs6RshlcrNhSHauuK,ga4gh:SQ.Zu7h9AggXxhTaGVsy7h_EZSChSZGcmgX
NC_000003.12:g.179198938G>A,3,179198938,G,1,A,1,SNP,NC_000003.12:g.179198938G>A,65,http://reg.test.genome.network/allele?hgvs=NC_000003.12:g.179198938G>A,35980513,PIK3CA on GRCh38 chr3: Substitution in position 179198938 of G replaced by A measurement,ga4gh:VA.mwPeI6FJZUWeXDItEY81Sjk9i5WRs8RL,ga4gh:SQ.Zu7h9AggXxhTaGVsy7h_EZSChSZGcmgX
NC_000003.12:g.179198938G>T,3,179198938,G,1,T,1,SNP,NC_000003.12:g.179198938G>T,66,http://reg.test.genome.network/allele?hgvs=NC_000003.12:g.179198938G>T,19615839,PIK3CA on GRCh38 chr3: Substitution in position 179198938 of G replaced by T measurement,ga4gh:VA.-PgYfMiACOXYAzX4xzHkS1pXsmCsV0Fq,ga4gh:SQ.Zu7h9AggXxhTaGVsy7h_EZSChSZGcmgX
NC_000003.12:g.179199102C>T,3,179199102,C,1,T,1,SNP,NC_000003.12:g.179199102C>T,67,http://reg.test.genome.network/allele?hgvs=NC_000003.12:g.179199102C>T,35980484,PIK3CA on GRCh38 chr3: Substitution in position 179199102 of C replaced by T measurement,ga4gh:VA.tBLbYlqLYwjVVY4wml84YQmi9ma8rmb9,ga4gh:SQ.Zu7h9AggXxhTaGVsy7h_EZSChSZGcmgX
NC_000003.12:g.179199136C>T,3,179199136,C,1,T,1,SNP,NC_000003.12:g.179199136C>T,69,http://reg.test.genome.network/allele?hgvs=NC_000003.12:g.179199136C>T,35980519,PIK3CA on GRCh38 chr3: Substitution in position 179199136 of C replaced by T measurement,ga4gh:VA.FAmDDIgHfTmr6KfcRrrFY-IiJVimOfR5,ga4gh:SQ.Zu7h9AggXxhTaGVsy7h_EZSChSZGcmgX
NC_000003.12:g.179199156A>G,3,179199156,A,1,G,1,SNP,NC_000003.12:g.179199156A>G,70,http://reg.test.genome.network/allele?hgvs=NC_000003.12:g.179199156A>G,35980523,PIK3CA on GRCh38 chr3: Substitution in position 179199156 of A replaced by G measurement,ga4gh:VA.SbFDQ8exc52uTXmJAt5-2FFP8HQUwKMz,ga4gh:SQ.Zu7h9AggXxhTaGVsy7h_EZSChSZGcmgX
NC_000003.12:g.179203761T>C,3,179203761,T,1,C,1,SNP,NC_000003.12:g.179203761T>C,71,http://reg.test.genome.network/allele?hgvs=NC_000003.12:g.179203761T>C,35980532,PIK3CA on GRCh38 chr3: Substitution in position 179203761 of T replaced by C measurement,ga4gh:VA.gVCB9XS-Kvu0KvCQgQAo534gxY3PLgpm,ga4gh:SQ.Zu7h9AggXxhTaGVsy7h_EZSChSZGcmgX
NC_000003.12:g.179203761T>G,3,179203761,T,1,G,1,SNP,NC_000003.12:g.179203761T>G,72,http://reg.test.genome.network/allele?hgvs=NC_000003.12:g.179203761T>G,35980533,PIK3CA on GRCh38 chr3: Substitution in position 179203761 of T replaced by G measurement,ga4gh:VA.IexoHrPWUCysjS6TP4Lk33f2jI2x0JFg,ga4gh:SQ.Zu7h9AggXxhTaGVsy7h_EZSChSZGcmgX
NC_000003.12:g.179210192T>C,3,179210192,T,1,C,1,SNP,NC_000003.12:g.179210192T>C,75,http://reg.test.genome.network/allele?hgvs=NC_000003.12:g.179210192T>C,35980548,PIK3CA on GRCh38 chr3: Substitution in position 179210192 of T replaced by C measurement,ga4gh:VA.mAgw-mARe1A1RqpPkFRhK3hBXEvw4hLi,ga4gh:SQ.Zu7h9AggXxhTaGVsy7h_EZSChSZGcmgX
NC_000003.12:g.179210291G>A,3,179210291,G,1,A,1,SNP,NC_000003.12:g.179210291G>A,76,http://reg.test.genome.network/allele?hgvs=NC_000003.12:g.179210291G>A,35980550,PIK3CA on GRCh38 chr3: Substitution in position 179210291 of G replaced by A measurement,ga4gh:VA.cKPkZf9fRNvGfCAqMFJKU0ljrGGYOQ6P,ga4gh:SQ.Zu7h9AggXxhTaGVsy7h_EZSChSZGcmgX
NC_000003.12:g.179210291G>C,3,179210291,G,1,C,1,SNP,NC_000003.12:g.179210291G>C,77,http://reg.test.genome.network/allele?hgvs=NC_000003.12:g.179210291G>C,35980551,PIK3CA on GRCh38 chr3: Substitution in position 179210291 of G replaced by C measurement,ga4gh:VA.DuFc5kPbMDiF1YM_MqI5c2Lw-tze2S14,ga4gh:SQ.Zu7h9AggXxhTaGVsy7h_EZSChSZGcmgX
NC_000003.12:g.179218295A>C,3,179218295,A,1,C,1,SNP,NC_000003.12:g.179218295A>C,80,http://reg.test.genome.network/allele?hgvs=NC_000003.12:g.179218295A>C,35980556,PIK3CA on GRCh38 chr3: Substitution in position 179218295 of A replaced by C measurement,ga4gh:VA.dzmrPmKbUvGe6az1_4zCI0UEnw2YIlLl,ga4gh:SQ.Zu7h9AggXxhTaGVsy7h_EZSChSZGcmgX
NC_000003.12:g.179218295A>G,3,179218295,A,1,G,1,SNP,NC_000003.12:g.179218295A>G,81,http://reg.test.genome.network/allele?hgvs=NC_000003.12:g.179218295A>G,35980557,PIK3CA on GRCh38 chr3: Substitution in position 179218295 of A replaced by G measurement,ga4gh:VA.YKCrOALsVKwBJRj-252h3E1VbvvAAmQ_,ga4gh:SQ.Zu7h9AggXxhTaGVsy7h_EZSChSZGcmgX
NC_000003.12:g.179218295A>T,3,179218295,A,1,T,1,SNP,NC_000003.12:g.179218295A>T,82,http://reg.test.genome.network/allele?hgvs=NC_000003.12:g.179218295A>T,35980558,PIK3CA on GRCh38 chr3: Substitution in position 179218295 of A replaced by T measurement,ga4gh:VA.djhxsZY-DAE7jHghgHh7pEdbr85t34MZ,ga4gh:SQ.Zu7h9AggXxhTaGVsy7h_EZSChSZGcmgX
NC_000003.12:g.179218304A>C,3,179218304,A,1,C,1,SNP,NC_000003.12:g.179218304A>C,83,http://reg.test.genome.network/allele?hgvs=NC_000003.12:g.179218304A>C,35980561,PIK3CA on GRCh38 chr3: Substitution in position 179218304 of A replaced by C measurement,ga4gh:VA.KFoxMm1rjlgOBG_jbjIh-8z4Zw2N_rTL,ga4gh:SQ.Zu7h9AggXxhTaGVsy7h_EZSChSZGcmgX
NC_000003.12:g.179218304A>G,3,179218304,A,1,G,1,SNP,NC_000003.12:g.179218304A>G,84,http://reg.test.genome.network/allele?hgvs=NC_000003.12:g.179218304A>G,35980562,PIK3CA on GRCh38 chr3: Substitution in position 179218304 of A replaced by G measurement,ga4gh:VA.hF28-x0Btit19yqOfv71c2z1F9AeW5mC,ga4gh:SQ.Zu7h9AggXxhTaGVsy7h_EZSChSZGcmgX
NC_000003.12:g.179218304A>T,3,179218304,A,1,T,1,SNP,NC_000003.12:g.179218304A>T,85,http://reg.test.genome.network/allele?hgvs=NC_000003.12:g.179218304A>T,35980563,PIK3CA on GRCh38 chr3: Substitution in position 179218304 of A replaced by T measurement,ga4gh:VA.bNtmT57pnoQoOXOi-JQSgg2_P6S3VkoW,ga4gh:SQ.Zu7h9AggXxhTaGVsy7h_EZSChSZGcmgX
NC_000003.12:g.179218307A>C,3,179218307,A,1,C,1,SNP,NC_000003.12:g.179218307A>C,86,http://reg.test.genome.network/allele?hgvs=NC_000003.12:g.179218307A>C,35980567,PIK3CA on GRCh38 chr3: Substitution in position 179218307 of A replaced by C measurement,ga4gh:VA._WRV-bFXdQfUF48Aj4eHf-i9FteE0MpE,ga4gh:SQ.Zu7h9AggXxhTaGVsy7h_EZSChSZGcmgX
NC_000003.12:g.179218307A>G,3,179218307,A,1,G,1,SNP,NC_000003.12:g.179218307A>G,87,http://reg.test.genome.network/allele?hgvs=NC_000003.12:g.179218307A>G,35980568,PIK3CA on GRCh38 chr3: Substitution in position 179218307 of A replaced by G measurement,ga4gh:VA.tojYCPXQVZ-EzQO5qewum8qnggXRqxp6,ga4gh:SQ.Zu7h9AggXxhTaGVsy7h_EZSChSZGcmgX
NC_000003.12:g.179218307A>T,3,179218307,A,1,T,1,SNP,NC_000003.12:g.179218307A>T,88,http://reg.test.genome.network/allele?hgvs=NC_000003.12:g.179218307A>T,35980569,PIK3CA on GRCh38 chr3: Substitution in position 179218307 of A replaced by T measurement,ga4gh:VA.6WEVFpn8dixNSjAAnObDq4ctKa7EZs5w,ga4gh:SQ.Zu7h9AggXxhTaGVsy7h_EZSChSZGcmgX
NC_000003.12:g.179221147A>C,3,179221147,A,1,C,1,SNP,NC_000003.12:g.179221147A>C,90,http://reg.test.genome.network/allele?hgvs=NC_000003.12:g.179221147A>C,19519220,PIK3CA on GRCh38 chr3: Substitution in position 179221147 of A replaced by C measurement,ga4gh:VA.Yz7P-klzudHxfjOIbLbXtaSzODW0HVMD,ga4gh:SQ.Zu7h9AggXxhTaGVsy7h_EZSChSZGcmgX
NC_000003.12:g.179234296C>T,3,179234296,C,1,T,1,SNP,NC_000003.12:g.179234296C>T,103,http://reg.test.genome.network/allele?hgvs=NC_000003.12:g.179234296C>T,35980583,PIK3CA on GRCh38 chr3: Substitution in position 179234296 of C replaced by T measurement,ga4gh:VA.eejRDvCaHdVEM22sYgOU6uLH8W1Tv7wD,ga4gh:SQ.Zu7h9AggXxhTaGVsy7h_EZSChSZGcmgX
NC_000003.12:g.179234297A>C,3,179234297,A,1,C,1,SNP,NC_000003.12:g.179234297A>C,104,http://reg.test.genome.network/allele?hgvs=NC_000003.12:g.179234297A>C,19513167,PIK3CA on GRCh38 chr3: Substitution in position 179234297 of A replaced by C measurement,ga4gh:VA.LhE-9iE6uFRIC1OIOyo7lp1chPfSxiFt,ga4gh:SQ.Zu7h9AggXxhTaGVsy7h_EZSChSZGcmgX
NC_000003.12:g.179234297A>G,3,179234297,A,1,G,1,SNP,NC_000003.12:g.179234297A>G,105,http://reg.test.genome.network/allele?hgvs=NC_000003.12:g.179234297A>G,35980584,PIK3CA on GRCh38 chr3: Substitution in position 179234297 of A replaced by G measurement,ga4gh:VA.Td3gonjCqLCFIujHcc7A0j287d7Fod_0,ga4gh:SQ.Zu7h9AggXxhTaGVsy7h_EZSChSZGcmgX
NC_000003.12:g.179234297A>T,3,179234297,A,1,T,1,SNP,NC_000003.12:g.179234297A>T,106,http://reg.test.genome.network/allele?hgvs=NC_000003.12:g.179234297A>T,35980585,PIK3CA on GRCh38 chr3: Substitution in position 179234297 of A replaced by T measurement,ga4gh:VA.NvT8B6viHVXOkJxXQUAWzLFQGiwQxg_Q,ga4gh:SQ.Zu7h9AggXxhTaGVsy7h_EZSChSZGcmgX
NC_000003.12:g.179234298T>A,3,179234298,T,1,A,1,SNP,NC_000003.12:g.179234298T>A,107,http://reg.test.genome.network/allele?hgvs=NC_000003.12:g.179234298T>A,19633580,PIK3CA on GRCh38 chr3: Substitution in position 179234298 of T replaced by A measurement,ga4gh:VA.HrD3hSPaOrt9Lz_rFnPfpY-TnpLm3v4U,ga4gh:SQ.Zu7h9AggXxhTaGVsy7h_EZSChSZGcmgX
NC_000003.12:g.179234298T>G,3,179234298,T,1,G,1,SNP,NC_000003.12:g.179234298T>G,108,http://reg.test.genome.network/allele?hgvs=NC_000003.12:g.179234298T>G,36744770,PIK3CA on GRCh38 chr3: Substitution in position 179234298 of T replaced by G measurement,ga4gh:VA.559RpzSnr6HcOq-eZ0-D6K08Fp-YF5z5,ga4gh:SQ.Zu7h9AggXxhTaGVsy7h_EZSChSZGcmgX
NC_000003.12:g.179234302G>A,3,179234302,G,1,A,1,SNP,NC_000003.12:g.179234302G>A,109,http://reg.test.genome.network/allele?hgvs=NC_000003.12:g.179234302G>A,35980587,PIK3CA on GRCh38 chr3: Substitution in position 179234302 of G replaced by A measurement,ga4gh:VA.G83tudhGHvAESmro0nltQTGlnVJ1Y-zd,ga4gh:SQ.Zu7h9AggXxhTaGVsy7h_EZSChSZGcmgX
NC_000003.12:g.179234302G>C,3,179234302,G,1,C,1,SNP,NC_000003.12:g.179234302G>C,110,http://reg.test.genome.network/allele?hgvs=NC_000003.12:g.179234302G>C,35980588,PIK3CA on GRCh38 chr3: Substitution in position 179234302 of G replaced by C measurement,ga4gh:VA.pOb0wITAjHO9zgL8lNIEkFe0LNHXFfEu,ga4gh:SQ.Zu7h9AggXxhTaGVsy7h_EZSChSZGcmgX
NC_000003.12:g.41224616T>G,3,41224616,TC,2,GC,2,DELINS,NC_000003.12:g.41224616_41224617delinsGC,115,http://reg.test.genome.network/allele?hgvs=NC_000003.12:g.41224616_41224617delinsGC,19555449,CTNNB1 on GRCh38 chr3: Substitution in position 41224616 of T replaced by G measurement,ga4gh:VA.TGlHF_VvAcnt4wlf_wmCdiACGCWseCBN,ga4gh:SQ.Zu7h9AggXxhTaGVsy7h_EZSChSZGcmgX
NC_000004.12:g.54274888A>G,4,54274888,A,1,G,1,SNP,NC_000004.12:g.54274888A>G,118,http://reg.test.genome.network/allele?hgvs=NC_000004.12:g.54274888A>G,36745954,PDGFRA on GRCh38 chr4: Substitution in position 54274888 of A replaced by G measurement,ga4gh:VA.LMm5IZ6ercp7ht7qla1xemYKPSkUG3eT,ga4gh:SQ.HxuclGHh0XCDuF8x6yQrpHUBL7ZntAHc
NC_000004.12:g.54727265G>A,4,54727265,G,1,A,1,SNP,NC_000004.12:g.54727265G>A,127,http://reg.test.genome.network/allele?hgvs=NC_000004.12:g.54727265G>A,35980866,KIT on GRCh38 chr4: Substitution in position 54727265 of G replaced by A measurement,ga4gh:VA.xEuBJUn1IjFnWGXxinUfK0bu-Bs7EolH,ga4gh:SQ.HxuclGHh0XCDuF8x6yQrpHUBL7ZntAHc
NC_000004.12:g.54728055A>G,4,54728055,A,1,G,1,SNP,NC_000004.12:g.54728055A>G,138,http://reg.test.genome.network/allele?hgvs=NC_000004.12:g.54728055A>G,35980890,KIT on GRCh38 chr4: Substitution in position 54728055 of A replaced by G measurement,ga4gh:VA.sOaPfZLXg9YptOX4TuWlhzgynrBzbXzW,ga4gh:SQ.HxuclGHh0XCDuF8x6yQrpHUBL7ZntAHc
NC_000004.12:g.54733094A>G,4,54733094,AG,2,GG,2,DELINS,NC_000004.12:g.54733094_54733095delinsGG,141,http://reg.test.genome.network/allele?hgvs=NC_000004.12:g.54733094_54733095delinsGG,35980897,KIT on GRCh38 chr4: Substitution in position 54733094 of A replaced by G measurement,ga4gh:VA.jPyyKdr_TmkwhLnDcd-TXpgz_DQCmJpL,ga4gh:SQ.HxuclGHh0XCDuF8x6yQrpHUBL7ZntAHc
NC_000004.12:g.54733168T>A,4,54733168,T,1,A,1,SNP,NC_000004.12:g.54733168T>A,142,http://reg.test.genome.network/allele?hgvs=NC_000004.12:g.54733168T>A,36745999,KIT on GRCh38 chr4: Substitution in position 54733168 of T replaced by A measurement,ga4gh:VA.fAxzkM1vs54mmFprXoVXlWqQADrpjCTL,ga4gh:SQ.HxuclGHh0XCDuF8x6yQrpHUBL7ZntAHc
NC_000004.12:g.54733181G>A,4,54733181,G,1,A,1,SNP,NC_000004.12:g.54733181G>A,144,http://reg.test.genome.network/allele?hgvs=NC_000004.12:g.54733181G>A,35980909,KIT on GRCh38 chr4: Substitution in position 54733181 of G replaced by A measurement,ga4gh:VA.PlBe_N_d9jA4RTEdh_6MqghSRNbjoiaf,ga4gh:SQ.HxuclGHh0XCDuF8x6yQrpHUBL7ZntAHc
NC_000005.10:g.177090796C>T,5,177090796,C,1,T,1,SNP,NC_000005.10:g.177090796C>T,147,http://reg.test.genome.network/allele?hgvs=NC_000005.10:g.177090796C>T,19606504,FGFR4 on GRCh38 chr5: Substitution in position 177090796 of C replaced by T measurement,ga4gh:VA.EH4_nvZ1sI0ZLAMs6HW8q3OJ4jom2FyV,ga4gh:SQ.aUiQCzCPZ2d0csHbMSbh2NzInhonSXwI
NC_000007.14:g.140777136G>A,7,140777136,G,1,A,1,SNP,NC_000007.14:g.140777136G>A,152,http://reg.test.genome.network/allele?hgvs=NC_000007.14:g.140777136G>A,36748705,BRAF on GRCh38 chr7: Substitution in position 140777136 of G replaced by A measurement,ga4gh:VA.sYNylLIdgx1R3eWEQ608MNx2OejfGv09,ga4gh:SQ.F-LrLMe1SRpfUZHkQmvkVKFEGaoDeHul
NC_000007.14:g.55154128G>A,7,55154128,G,1,A,1,SNP,NC_000007.14:g.55154128G>A,153,http://reg.test.genome.network/allele?hgvs=NC_000007.14:g.55154128G>A,35981453,EGFR on GRCh38 chr7: Substitution in position 55154128 of G replaced by A measurement,ga4gh:VA.-A2hETqWajwGnByXgdt8dgGWDO3bYxHM,ga4gh:SQ.F-LrLMe1SRpfUZHkQmvkVKFEGaoDeHul
NC_000007.14:g.55154129C>A,7,55154129,C,1,A,1,SNP,NC_000007.14:g.55154129C>A,154,http://reg.test.genome.network/allele?hgvs=NC_000007.14:g.55154129C>A,35981454,EGFR on GRCh38 chr7: Substitution in position 55154129 of C replaced by A measurement,ga4gh:VA.dRhhdLrXmQhxonPr8qvY4C57yxzoGNfN,ga4gh:SQ.F-LrLMe1SRpfUZHkQmvkVKFEGaoDeHul
NC_000007.14:g.55154129C>T,7,55154129,C,1,T,1,SNP,NC_000007.14:g.55154129C>T,155,http://reg.test.genome.network/allele?hgvs=NC_000007.14:g.55154129C>T,35981455,EGFR on GRCh38 chr7: Substitution in position 55154129 of C replaced by T measurement,ga4gh:VA.syCoAGzNrnBEoU4fkZkhjWNghkv13vVo,ga4gh:SQ.F-LrLMe1SRpfUZHkQmvkVKFEGaoDeHul
NC_000007.14:g.55174014G>A,7,55174014,G,1,A,1,SNP,NC_000007.14:g.55174014G>A,156,http://reg.test.genome.network/allele?hgvs=NC_000007.14:g.55174014G>A,35981469,EGFR on GRCh38 chr7: Substitution in position 55174014 of G replaced by A measurement,ga4gh:VA.a-THlsc-K_NpFvz5lqYDi3No2iD1B0UG,ga4gh:SQ.F-LrLMe1SRpfUZHkQmvkVKFEGaoDeHul
NC_000007.14:g.55174014G>T,7,55174014,G,1,T,1,SNP,NC_000007.14:g.55174014G>T,157,http://reg.test.genome.network/allele?hgvs=NC_000007.14:g.55174014G>T,35981470,EGFR on GRCh38 chr7: Substitution in position 55174014 of G replaced by T measurement,ga4gh:VA.Ity98-cc_rJ2UPoWlZdP4mOlAu_KY8Bt,ga4gh:SQ.F-LrLMe1SRpfUZHkQmvkVKFEGaoDeHul
NC_000007.14:g.55174015G>A,7,55174015,G,1,A,1,SNP,NC_000007.14:g.55174015G>A,158,http://reg.test.genome.network/allele?hgvs=NC_000007.14:g.55174015G>A,35981471,EGFR on GRCh38 chr7: Substitution in position 55174015 of G replaced by A measurement,ga4gh:VA.l8R0If4FBIK0OSsVKbwTm7QSciooyq14,ga4gh:SQ.F-LrLMe1SRpfUZHkQmvkVKFEGaoDeHul
NC_000007.14:g.55174015G>C,7,55174015,G,1,C,1,SNP,NC_000007.14:g.55174015G>C,159,http://reg.test.genome.network/allele?hgvs=NC_000007.14:g.55174015G>C,35981472,EGFR on GRCh38 chr7: Substitution in position 55174015 of G replaced by C measurement,ga4gh:VA.sIhOMvcbHQV1E6yh0CPNIrkOZ7qXaPqk,ga4gh:SQ.F-LrLMe1SRpfUZHkQmvkVKFEGaoDeHul
NC_000007.14:g.55181370G>A,7,55181370,G,1,A,1,SNP,NC_000007.14:g.55181370G>A,167,http://reg.test.genome.network/allele?hgvs=NC_000007.14:g.55181370G>A,36749276,EGFR on GRCh38 chr7: Substitution in position 55181370 of G replaced by A measurement,ga4gh:VA.2P-acfyTb1NaQg4lOcB2NxT1dfgcpVEl,ga4gh:SQ.F-LrLMe1SRpfUZHkQmvkVKFEGaoDeHul
NC_000007.14:g.55191821C>A,7,55191821,CT,2,AT,2,DELINS,NC_000007.14:g.55191821_55191822delinsAT,170,http://reg.test.genome.network/allele?hgvs=NC_000007.14:g.55191821_55191822delinsAT,35981508,EGFR on GRCh38 chr7: Substitution in position 55191821 of C replaced by A measurement,ga4gh:VA._T8M9qQpoacgzDXEPe_D_f3W6ODoq3tJ,ga4gh:SQ.F-LrLMe1SRpfUZHkQmvkVKFEGaoDeHul
NC_000007.14:g.55191821_55191822delinsAA,7,55191821,CT,2,AA,2,DELINS,NC_000007.14:g.55191821_55191822delinsAA,168,http://reg.test.genome.network/allele?hgvs=NC_000007.14:g.55191821_55191822delinsAA,19594138,EGFR on GRCh38 chr7: Deletion in position 55191821 to 55191822 and Insertion of AA measurement,ga4gh:VA.e5MOE7FxHkfZfZaa4La2FgAbNq7McskW,ga4gh:SQ.F-LrLMe1SRpfUZHkQmvkVKFEGaoDeHul
NC_000007.14:g.55191821_55191822delinsAG,7,55191821,CT,2,AG,2,DELINS,NC_000007.14:g.55191821_55191822delinsAG,169,http://reg.test.genome.network/allele?hgvs=NC_000007.14:g.55191821_55191822delinsAG,19557595,EGFR on GRCh38 chr7: Deletion in position 55191821 to 55191822 and Insertion of AG measurement,ga4gh:VA.J6V53frfY6DVG43nF8ze2Sw54138ELea,ga4gh:SQ.F-LrLMe1SRpfUZHkQmvkVKFEGaoDeHul
NC_000007.14:g.55191822T>A,7,55191822,TG,2,AG,2,DELINS,NC_000007.14:g.55191822_55191823delinsAG,172,http://reg.test.genome.network/allele?hgvs=NC_000007.14:g.55191822_55191823delinsAG,35981509,EGFR on GRCh38 chr7: Substitution in position 55191822 of T replaced by A measurement,ga4gh:VA.WLXgYyaoPuWgkxt3vjvGogJ6i1WgdE9L,ga4gh:SQ.F-LrLMe1SRpfUZHkQmvkVKFEGaoDeHul
NC_000007.14:g.55191822T>G,7,55191821,CT,2,CG,2,DELINS,NC_000007.14:g.55191821_55191822delinsCG,171,http://reg.test.genome.network/allele?hgvs=NC_000007.14:g.55191821_55191822delinsCG,35981510,EGFR on GRCh38 chr7: Substitution in position 55191822 of T replaced by G measurement,ga4gh:VA.N0QjCfZL6evvTG629PJIP8Zv7S270E9d,ga4gh:SQ.F-LrLMe1SRpfUZHkQmvkVKFEGaoDeHul
NC_000007.14:g.55191822_55191823delinsGA,7,55191822,TG,2,GA,2,DELINS,NC_000007.14:g.55191822_55191823delinsGA,173,http://reg.test.genome.network/allele?hgvs=NC_000007.14:g.55191822_55191823delinsGA,19513753,EGFR on GRCh38 chr7: Deletion in position 55191822 to 55191823 and Insertion of GA measurement,ga4gh:VA.q3wmxd75L4vVc0P0ZxF81oz6bIA-WJwF,ga4gh:SQ.F-LrLMe1SRpfUZHkQmvkVKFEGaoDeHul
NC_000007.14:g.55191822_55191823delinsGT,7,55191822,TG,2,GT,2,DELINS,NC_000007.14:g.55191822_55191823delinsGT,174,http://reg.test.genome.network/allele?hgvs=NC_000007.14:g.55191822_55191823delinsGT,36748160,EGFR on GRCh38 chr7: Deletion in position 55191822 to 55191823 and Insertion of GT measurement,ga4gh:VA.56WN08VQTlE177OLM4nvqE2m0lAmTbYY,ga4gh:SQ.F-LrLMe1SRpfUZHkQmvkVKFEGaoDeHul
NC_000010.11:g.121488002T>C,10,121488002,T,1,C,1,SNP,NC_000010.11:g.121488002T>C,19,http://reg.test.genome.network/allele?hgvs=NC_000010.11:g.121488002T>C,19618416,FGFR2 on GRCh38 chr10: Substitution in position 121488002 of T replaced by C measurement,ga4gh:VA.an6cAtR7jDExv1JzV1kNqwYo1VQ_8K0Z,ga4gh:SQ.ss8r_wB0-b9r44TQTMmVTI92884QvBiB
NC_000010.11:g.43113648T>C,10,43113648,T,1,C,1,SNP,NC_000010.11:g.43113648T>C,22,http://reg.test.genome.network/allele?hgvs=NC_000010.11:g.43113648T>C,35977177,RET on GRCh38 chr10: Substitution in position 43113648 of T replaced by C measurement,ga4gh:VA.psy_efNMJ1LJx5UdzMVJlYfqDL6AfAcn,ga4gh:SQ.ss8r_wB0-b9r44TQTMmVTI92884QvBiB
NC_000010.11:g.43113654T>C,10,43113654,T,1,C,1,SNP,NC_000010.11:g.43113654T>C,23,http://reg.test.genome.network/allele?hgvs=NC_000010.11:g.43113654T>C,35977183,RET on GRCh38 chr10: Substitution in position 43113654 of T replaced by C measurement,ga4gh:VA.qmtK6NcGq4TXkLxt3dD4dxLqSUgsJdik,ga4gh:SQ.ss8r_wB0-b9r44TQTMmVTI92884QvBiB
NC_000010.11:g.43118395G>T,10,43118395,G,1,T,1,SNP,NC_000010.11:g.43118395G>T,24,http://reg.test.genome.network/allele?hgvs=NC_000010.11:g.43118395G>T,36730857,RET on GRCh38 chr10: Substitution in position 43118395 of G replaced by T measurement,ga4gh:VA.0ajgdOMcbD2QfXyA17wp15zPnpibFPH4,ga4gh:SQ.ss8r_wB0-b9r44TQTMmVTI92884QvBiB
NC_000010.11:g.43120185C>G,10,43120185,C,1,G,1,SNP,NC_000010.11:g.43120185C>G,25,http://reg.test.genome.network/allele?hgvs=NC_000010.11:g.43120185C>G,36731333,RET on GRCh38 chr10: Substitution in position 43120185 of C replaced by G measurement,ga4gh:VA.r-GczZ0Pe2PNG8-SACLR980yk-6UfbI0,ga4gh:SQ.ss8r_wB0-b9r44TQTMmVTI92884QvBiB
NC_000010.11:g.43121950G>A,10,43121950,G,1,A,1,SNP,NC_000010.11:g.43121950G>A,26,http://reg.test.genome.network/allele?hgvs=NC_000010.11:g.43121950G>A,35977235,RET on GRCh38 chr10: Substitution in position 43121950 of G replaced by A measurement,ga4gh:VA.aNr-j7bN7Xn8_dlLqrqKI__de2sCyK86,ga4gh:SQ.ss8r_wB0-b9r44TQTMmVTI92884QvBiB
NC_000010.11:g.43121950G>T,10,43121950,G,1,T,1,SNP,NC_000010.11:g.43121950G>T,27,http://reg.test.genome.network/allele?hgvs=NC_000010.11:g.43121950G>T,35977237,RET on GRCh38 chr10: Substitution in position 43121950 of G replaced by T measurement,ga4gh:VA.4yFqyZe6USH0dKlV2CmTqvbs6TbnPOqE,ga4gh:SQ.ss8r_wB0-b9r44TQTMmVTI92884QvBiB
NC_000011.10:g.533874T>A,11,533874,TG,2,AG,2,DELINS,NC_000011.10:g.533874_533875delinsAG,29,http://reg.test.genome.network/allele?hgvs=NC_000011.10:g.533874_533875delinsAG,35977560,HRAS on GRCh38 chr11: Substitution in position 533874 of T replaced by A measurement,ga4gh:VA.5aq93Xl1TgJMfnz3Muttu9jl68VKD6Kl,ga4gh:SQ.2NkFm8HK88MqeNkCgj78KidCAXgnsfV1
NC_000011.10:g.533874T>C,11,533874,TG,2,CG,2,DELINS,NC_000011.10:g.533874_533875delinsCG,30,http://reg.test.genome.network/allele?hgvs=NC_000011.10:g.533874_533875delinsCG,1806639,HRAS on GRCh38 chr11: Substitution in position 533874 of T replaced by C measurement,ga4gh:VA.owEeg8_b26YmNxKyAhio8BocRvajavDg,ga4gh:SQ.2NkFm8HK88MqeNkCgj78KidCAXgnsfV1
NC_000011.10:g.533874T>G,11,533874,TG,2,GG,2,DELINS,NC_000011.10:g.533874_533875delinsGG,31,http://reg.test.genome.network/allele?hgvs=NC_000011.10:g.533874_533875delinsGG,19636405,HRAS on GRCh38 chr11: Substitution in position 533874 of T replaced by G measurement,ga4gh:VA.DFTaDPdhv9R1uti5bFprvoh8LB8SQEjV,ga4gh:SQ.2NkFm8HK88MqeNkCgj78KidCAXgnsfV1
NC_000011.10:g.533874_533875delinsCT,11,533874,TG,2,CT,2,DELINS,NC_000011.10:g.533874_533875delinsCT,32,http://reg.test.genome.network/allele?hgvs=NC_000011.10:g.533874_533875delinsCT,19635443,HRAS on GRCh38 chr11: Deletion in position 533874 to 533875 and Insertion of CT measurement,ga4gh:VA.tobmT0w9wP0ZvCYSaEC9BDDY3Z6gkQip,ga4gh:SQ.2NkFm8HK88MqeNkCgj78KidCAXgnsfV1
NC_000012.12:g.25227343G>C,12,25227343,GA,2,CA,2,DELINS,NC_000012.12:g.25227343_25227344delinsCA,33,http://reg.test.genome.network/allele?hgvs=NC_000012.12:g.25227343_25227344delinsCA,35977699,KRAS on GRCh38 chr12: Substitution in position 25227343 of G replaced by C measurement,ga4gh:VA._Wm9kqnKFDaAC46qMllxpRlWU_BR11WM,ga4gh:SQ.6wlJpONE3oNb4D69ULmEXhqyDZ4vwNfl
NC_000012.12:g.25227343G>T,12,25227343,GA,2,TA,2,DELINS,NC_000012.12:g.25227343_25227344delinsTA,34,http://reg.test.genome.network/allele?hgvs=NC_000012.12:g.25227343_25227344delinsTA,35977700,KRAS on GRCh38 chr12: Substitution in position 25227343 of G replaced by T measurement,ga4gh:VA.qSSVJuhGT7Gh4fGfh-a2_X-xJtFek-ha,ga4gh:SQ.6wlJpONE3oNb4D69ULmEXhqyDZ4vwNfl
NC_000012.12:g.25227343_25227344delinsTT,12,25227343,GA,2,TT,2,DELINS,NC_000012.12:g.25227343_25227344delinsTT,35,http://reg.test.genome.network/allele?hgvs=NC_000012.12:g.25227343_25227344delinsTT,19513382,KRAS on GRCh38 chr12: Deletion in position 25227343 to 25227344 and Insertion of TT measurement,ga4gh:VA.srGj0Bpr5IwsyX7zQBrMgBwFcAaq6EcH,ga4gh:SQ.6wlJpONE3oNb4D69ULmEXhqyDZ4vwNfl
NC_000012.12:g.25245351C>A,12,25245351,C,1,A,1,SNP,NC_000012.12:g.25245351C>A,37,http://reg.test.genome.network/allele?hgvs=NC_000012.12:g.25245351C>A,35977710,KRAS on GRCh38 chr12: Substitution in position 25245351 of C replaced by A measurement,ga4gh:VA.oE0YMWrxxNFvgKDqAdWkWHNzdcQ9IqK5,ga4gh:SQ.6wlJpONE3oNb4D69ULmEXhqyDZ4vwNfl
NC_000012.12:g.25245351C>G,12,25245351,C,1,G,1,SNP,NC_000012.12:g.25245351C>G,38,http://reg.test.genome.network/allele?hgvs=NC_000012.12:g.25245351C>G,35977711,KRAS on GRCh38 chr12: Substitution in position 25245351 of C replaced by G measurement,ga4gh:VA.jwg7JxTzgr8yxnzG-DoFHeYnUxs2MxNh,ga4gh:SQ.6wlJpONE3oNb4D69ULmEXhqyDZ4vwNfl
NC_000012.12:g.25245351C>T,12,25245351,C,1,T,1,SNP,NC_000012.12:g.25245351C>T,39,http://reg.test.genome.network/allele?hgvs=NC_000012.12:g.25245351C>T,35977712,KRAS on GRCh38 chr12: Substitution in position 25245351 of C replaced by T measurement,ga4gh:VA.5HG5XUNKj6zEnqA6_kdVsM0yXNlioiuu,ga4gh:SQ.6wlJpONE3oNb4D69ULmEXhqyDZ4vwNfl
NC_000012.12:g.56083910A>T,12,56083910,A,1,T,1,SNP,NC_000012.12:g.56083910A>T,41,http://reg.test.genome.network/allele?hgvs=NC_000012.12:g.56083910A>T,19502942,ERBB3 on GRCh38 chr12: Substitution in position 56083910 of A replaced by T measurement,ga4gh:VA.ebd5unzFCAOYdCZk_AcSQmUM8TBAaLhI,ga4gh:SQ.6wlJpONE3oNb4D69ULmEXhqyDZ4vwNfl
NC_000012.12:g.56085070G>A,12,56085070,G,1,A,1,SNP,NC_000012.12:g.56085070G>A,42,http://reg.test.genome.network/allele?hgvs=NC_000012.12:g.56085070G>A,35977731,ERBB3 on GRCh38 chr12: Substitution in position 56085070 of G replaced by A measurement,ga4gh:VA.YG05V2pSYSCHKAIPyKs1iTSkH8-hEwkh,ga4gh:SQ.6wlJpONE3oNb4D69ULmEXhqyDZ4vwNfl
NC_000012.12:g.56085070G>C,12,56085070,G,1,C,1,SNP,NC_000012.12:g.56085070G>C,43,http://reg.test.genome.network/allele?hgvs=NC_000012.12:g.56085070G>C,19525612,ERBB3 on GRCh38 chr12: Substitution in position 56085070 of G replaced by C measurement,ga4gh:VA.gvbfnZjLYFb5_FO89VYuy7f9CXaOTrYJ,ga4gh:SQ.6wlJpONE3oNb4D69ULmEXhqyDZ4vwNfl
NC_000012.12:g.56085070G>T,12,56085070,G,1,T,1,SNP,NC_000012.12:g.56085070G>T,44,http://reg.test.genome.network/allele?hgvs=NC_000012.12:g.56085070G>T,36733593,ERBB3 on GRCh38 chr12: Substitution in position 56085070 of G replaced by T measurement,ga4gh:VA.mYMU8MnTwk9H71tgYcr5xuAyrEC_Aupi,ga4gh:SQ.6wlJpONE3oNb4D69ULmEXhqyDZ4vwNfl
NC_000014.9:g.104780214C>T,14,104780214,C,1,T,1,SNP,NC_000014.9:g.104780214C>T,45,http://reg.test.genome.network/allele?hgvs=NC_000014.9:g.104780214C>T,35978078,AKT1 on GRCh38 chr14: Substitution in position 104780214 of C replaced by T measurement,ga4gh:VA.27sK96gR7FXWDiEas0FZBfNxWQd5GG7Z,ga4gh:SQ.eK4D2MosgK_ivBkgi6FVPg5UXs1bYESm
NC_000015.10:g.66435103T>A,15,66435103,T,1,A,1,SNP,NC_000015.10:g.66435103T>A,46,http://reg.test.genome.network/allele?hgvs=NC_000015.10:g.66435103T>A,36736457,MAP2K1 on GRCh38 chr15: Substitution in position 66435103 of T replaced by A measurement,ga4gh:VA.MwfFjgaFUQZtHaPaBwsMveBcW-qquyzP,ga4gh:SQ.AsXvWL1-2i5U_buw6_niVIxD6zTbAuS6
NC_000015.10:g.66435103T>C,15,66435103,T,1,C,1,SNP,NC_000015.10:g.66435103T>C,47,http://reg.test.genome.network/allele?hgvs=NC_000015.10:g.66435103T>C,35978146,MAP2K1 on GRCh38 chr15: Substitution in position 66435103 of T replaced by C measurement,ga4gh:VA.3P05HtxldfPGjeNMMAZY-C1Q5D7M8Cpy,ga4gh:SQ.AsXvWL1-2i5U_buw6_niVIxD6zTbAuS6
NC_000015.10:g.66435103T>G,15,66435103,T,1,G,1,SNP,NC_000015.10:g.66435103T>G,48,http://reg.test.genome.network/allele?hgvs=NC_000015.10:g.66435103T>G,36736458,MAP2K1 on GRCh38 chr15: Substitution in position 66435103 of T replaced by G measurement,ga4gh:VA.CCROFalanTzZ8dX2YmlvcX5E5Etw5MPP,ga4gh:SQ.AsXvWL1-2i5U_buw6_niVIxD6zTbAuS6
NC_000015.10:g.90088702C>A,15,90088702,C,1,A,1,SNP,NC_000015.10:g.90088702C>A,49,http://reg.test.genome.network/allele?hgvs=NC_000015.10:g.90088702C>A,36736071,IDH2 on GRCh38 chr15: Substitution in position 90088702 of C replaced by A measurement,ga4gh:VA.XY96M2vhMM1BfOb24hLjxjaitECv3Vtf,ga4gh:SQ.AsXvWL1-2i5U_buw6_niVIxD6zTbAuS6
NC_000015.10:g.90088702C>T,15,90088702,C,1,T,1,SNP,NC_000015.10:g.90088702C>T,50,http://reg.test.genome.network/allele?hgvs=NC_000015.10:g.90088702C>T,36736072,IDH2 on GRCh38 chr15: Substitution in position 90088702 of C replaced by T measurement,ga4gh:VA.Nq0Q3b55jYqSKMbNsmsdyP95irAPO4By,ga4gh:SQ.AsXvWL1-2i5U_buw6_niVIxD6zTbAuS6
NC_000017.11:g.39723405G>A,17,39723405,G,1,A,1,SNP,NC_000017.11:g.39723405G>A,51,http://reg.test.genome.network/allele?hgvs=NC_000017.11:g.39723405G>A,35978621,ERBB2 on GRCh38 chr17: Substitution in position 39723405 of G replaced by A measurement,ga4gh:VA.KZxgNkxiLMbvMCW3mtCX5bISWQoRaswF,ga4gh:SQ.dLZ15tNO1Ur0IcGjwc3Sdi_0A6Yf4zm7
NC_000017.11:g.39724747G>A,17,39724747,G,1,A,1,SNP,NC_000017.11:g.39724747G>A,52,http://reg.test.genome.network/allele?hgvs=NC_000017.11:g.39724747G>A,35978630,ERBB2 on GRCh38 chr17: Substitution in position 39724747 of G replaced by A measurement,ga4gh:VA.HjOjGXwVcW7P5XlvMQVo9Jt5S0zwcixe,ga4gh:SQ.dLZ15tNO1Ur0IcGjwc3Sdi_0A6Yf4zm7
NC_000017.11:g.39724747G>C,17,39724747,G,1,C,1,SNP,NC_000017.11:g.39724747G>C,53,http://reg.test.genome.network/allele?hgvs=NC_000017.11:g.39724747G>C,35978631,ERBB2 on GRCh38 chr17: Substitution in position 39724747 of G replaced by C measurement,ga4gh:VA.qJyK4AwjovMW1AECMuV2l2Q4KTQ1cRHO,ga4gh:SQ.dLZ15tNO1Ur0IcGjwc3Sdi_0A6Yf4zm7
NC_000017.11:g.39724747G>T,17,39724747,G,1,T,1,SNP,NC_000017.11:g.39724747G>T,54,http://reg.test.genome.network/allele?hgvs=NC_000017.11:g.39724747G>T,36738361,ERBB2 on GRCh38 chr17: Substitution in position 39724747 of G replaced by T measurement,ga4gh:VA.o9PDIdRMeHgzdnZo_d_ytgQu0nQytpRt,ga4gh:SQ.dLZ15tNO1Ur0IcGjwc3Sdi_0A6Yf4zm7
NC_000017.11:g.39725364G>A,17,39725364,G,1,A,1,SNP,NC_000017.11:g.39725364G>A,55,http://reg.test.genome.network/allele?hgvs=NC_000017.11:g.39725364G>A,19544171,ERBB2 on GRCh38 chr17: Substitution in position 39725364 of G replaced by A measurement,ga4gh:VA.vhqpPAA_bSuIjkwh89vMagzr7xEJY7T3,ga4gh:SQ.dLZ15tNO1Ur0IcGjwc3Sdi_0A6Yf4zm7
NC_000019.10:g.4117543T>G,19,4117543,T,1,G,1,SNP,NC_000019.10:g.4117543T>G,56,http://reg.test.genome.network/allele?hgvs=NC_000019.10:g.4117543T>G,35978956,MAP2K2 on GRCh38 chr19: Substitution in position 4117543 of T replaced by G measurement,ga4gh:VA._RwCkxMU0izXx8B3AVF7I6R18ctAbkq0,ga4gh:SQ.IIB53T8CNeJJdUqzn9V_JnRtQadwWCbl
